{
  "suspense_strike": {
    "subtitle": "subtitles.suspense_strike",
    "sounds": [
      {
        "name": "doks_origins:suspense_strike",
        "stream": false
      }
    ]
  },
  "bell_toll": {
    "subtitle": "subtitles.bell_toll",
    "sounds": [
      {
        "name": "doks_origins:bell_toll",
        "stream": false
      }
    ]
  },
  "liminalmono": {
    "subtitle": "subtitles.liminalmono",
    "sounds": [
      {
        "name": "doks_origins:inferno",
        "stream": false
      }
    ]
  },
  "liminalstereo": {
    "subtitle": "subtitles.liminalstereo",
    "sounds": [
      {
        "name": "doks_origins:infernostereo",
        "stream": false
      }
    ]
  },
  "ricochet": {
    "subtitle": "subtitles.ricochet",
    "sounds": [
      {
        "name": "doks_origins:ricochet",
        "stream": false
      }
    ]
  }
}