{
  "_fv": 69,
  "_type": "potioneffect",
  "definition": {
    "effectName": "Stasis",
    "icon": "pixil-frame-0",
    "color": {
      "value": -13953739,
      "falpha": 0.0
    },
    "isInstant": false,
    "mobEffectCategory": "NEUTRAL",
    "renderStatusInInventory": true,
    "renderStatusInHUD": true,
    "isCuredByMilk": true,
    "isProtectedByTotem": true,
    "isCuredbyHoney": false,
    "onActiveTick": {
      "name": "StasisOnEffectActiveTick"
    },
    "onExpired": {
      "name": "StasisEffectExpires"
    }
  }
}